protein_name,substrateID,substrateSeq,digestTime,biological_replicate,order,raw_file,search_result,quantitation_result,peptide_quantification
IDH1,IDH1,RLVSGWVKPIIIGRHAYGDQYRATDFV,0,1,Ref,J_Liepe_NA1_QEx1_080321_rep1.raw,F030615.csv,table_matches.html,table_pept_int_1.txt
IDH1,IDH1,RLVSGWVKPIIIGRHAYGDQYRATDFV,0,1,C1,J_Liepe_NA1_QEx1_080321_rep2.raw,F030616.csv,table_matches.html,table_pept_int_1.txt
IDH1,IDH1,RLVSGWVKPIIIGRHAYGDQYRATDFV,4,1,C8,J_Liepe_NA5_QEx1_080321_rep1.raw,F030623.csv,table_matches.html,table_pept_int_1.txt
IDH1,IDH1,RLVSGWVKPIIIGRHAYGDQYRATDFV,4,1,C9,J_Liepe_NA5_QEx1_080321_rep2.raw,F030624.csv,table_matches.html,table_pept_int_1.txt
IDH1,IDH1,RLVSGWVKPIIIGRHAYGDQYRATDFV,0,2,C10,J_Liepe_OA1_QEx1_090321_rep1.raw,F030625.csv,table_matches.html,table_pept_int_1.txt
IDH1,IDH1,RLVSGWVKPIIIGRHAYGDQYRATDFV,0,2,C11,J_Liepe_OA1_QEx1_090321_rep2.raw,F030626.csv,table_matches.html,table_pept_int_1.txt
IDH1,IDH1,RLVSGWVKPIIIGRHAYGDQYRATDFV,4,2,C18,J_Liepe_OA5_QEx1_090321_rep1.raw,F030633.csv,table_matches.html,table_pept_int_1.txt
IDH1,IDH1,RLVSGWVKPIIIGRHAYGDQYRATDFV,4,2,C19,J_Liepe_OA5_QEx1_090321_rep2.raw,F030634.csv,table_matches.html,table_pept_int_1.txt
IL37b,IL37b,IL37b.fasta,0,1,Ref,WSoh_101121_151121_HFGoe_G1_IL37b_0h_R1.raw,F031996.csv,IL37b_table_matches.html,IL37b_table_peptide_int_nohead.txt
IL37b,IL37b,IL37b.fasta,0,1,C1,WSoh_101121_151121_HFGoe_G1_IL37b_0h_R2.raw,F031997.csv,IL37b_table_matches.html,IL37b_table_peptide_int_nohead.txt
IL37b,IL37b,IL37b.fasta,24,1,C8,WSoh_101121_151121_HFGoe_G1_IL37b_24h_R1.raw,F032004.csv,IL37b_table_matches.html,IL37b_table_peptide_int_nohead.txt
IL37b,IL37b,IL37b.fasta,24,1,C9,WSoh_101121_151121_HFGoe_G1_IL37b_24h_R2.raw,F032005.csv,IL37b_table_matches.html,IL37b_table_peptide_int_nohead.txt
IL37b,IL37b,IL37b.fasta,0,2,C10,WSoh_101121_151121_HFGoe_G2_IL37b_0h_R1.raw,F032006.csv,IL37b_table_matches.html,IL37b_table_peptide_int_nohead.txt
IL37b,IL37b,IL37b.fasta,0,2,C11,WSoh_101121_151121_HFGoe_G2_IL37b_0h_R2.raw,F032007.csv,IL37b_table_matches.html,IL37b_table_peptide_int_nohead.txt
IL37b,IL37b,IL37b.fasta,24,2,C18,WSoh_101121_151121_HFGoe_G2_IL37b_24h_R1.raw,F032014.csv,IL37b_table_matches.html,IL37b_table_peptide_int_nohead.txt
IL37b,IL37b,IL37b.fasta,24,2,C19,WSoh_101121_151121_HFGoe_G2_IL37b_24h_R2.raw,F032015.csv,IL37b_table_matches.html,IL37b_table_peptide_int_nohead.txt